"","Classical","Electronic","Folk","Hip-Hop","International","Jazz","Old-Time / Historic","Pop","Rock","class.error"
"Classical",32,2,2,0,0,0,0,0,0,0.111111111111111
"Electronic",0,246,7,21,1,5,0,5,36,0.233644859813084
"Folk",1,5,84,1,0,7,2,1,9,0.236363636363636
"Hip-Hop",0,12,1,122,0,0,0,0,5,0.128571428571429
"International",0,0,0,0,10,0,0,0,0,0
"Jazz",0,0,0,0,0,23,0,0,0,0
"Old-Time / Historic",2,0,1,0,0,0,46,0,0,0.0612244897959183
"Pop",0,1,1,0,0,0,0,26,1,0.103448275862069
"Rock",1,40,23,7,8,11,0,14,556,0.157575757575758
