,Classical,Electronic,Folk,Hip-Hop,International,Jazz,Old-Time / Historic,Pop,Rock,class.error,,
Classical,26,0,0,0,1,1,1,0,1,0.133333333,,
Electronic,0,287,3,16,1,4,1,3,36,0.182336182,,
Folk,4,15,108,0,0,3,1,3,8,0.23943662,,1189
Hip-Hop,0,12,1,119,0,1,0,0,4,0.131386861,,1421
International,0,0,0,0,12,0,0,0,0,0,,0.836734694
Jazz,2,2,0,1,0,19,0,0,1,0.24,,
Old-Time / Historic,0,0,1,0,1,0,55,0,0,0.035087719,,
Pop,0,1,0,0,0,0,0,18,2,0.142857143,,
Rock,1,51,20,6,1,11,1,10,545,0.156346749,,
