"","Classical","Electronic","Folk","Hip-Hop","International","Jazz","Old-Time / Historic","Pop","Rock","class.error"
"Classical",182,0,0,0,0,0,0,0,0,0
"Electronic",0,1331,10,36,1,7,0,23,98,0.116201859229748
"Folk",0,13,516,1,1,3,1,3,16,0.0685920577617328
"Hip-Hop",0,12,1,574,0,1,0,2,10,0.0433333333333333
"International",0,0,0,0,94,0,0,0,0,0
"Jazz",0,0,0,0,0,150,0,1,0,0.00662251655629142
"Old-Time / Historic",0,0,1,0,0,0,253,0,0,0.00393700787401574
"Pop",0,1,1,2,0,0,0,190,3,0.0355329949238579
"Rock",0,142,64,14,3,7,0,32,2597,0.0916404337180833
