"","Classical","Electronic","Folk","Hip-Hop","International","Jazz","Old-Time / Historic","Pop","Rock","class.error"
"Classical",171,1,0,0,0,2,0,0,0,0.0172413793103449
"Electronic",1,1288,27,73,3,9,1,40,85,0.156516044531762
"Folk",2,22,455,2,7,8,0,18,47,0.188948306595365
"Hip-Hop",0,16,10,512,5,2,0,5,24,0.10801393728223
"International",0,0,0,0,70,0,0,0,0,0
"Jazz",3,1,3,0,0,101,0,2,1,0.0900900900900901
"Old-Time / Historic",0,0,0,0,0,0,252,0,0,0
"Pop",0,1,3,0,0,0,0,93,3,0.07
"Rock",5,170,95,40,14,46,1,93,2564,0.153236459709379
